Aktivitätstyp,Datum,Favorit,Titel,Distanz,Kalorien,Zeit,Ø Herzfrequenz,Maximale Herzfrequenz,Aerober TE,Ø Geschwindigkeit,Maximale Geschwindigkeit,Anstieg gesamt,Abstieg gesamt,Ø Trittfrequenz,Max. Trittfrequenz,Normalized Power® (NP®),Training Stress Score®,Maximale Ø Leistung (20 min),Ø Leistung,Max. Leistung,Pedalumdrehungen insgesamt,Body Battery Abnahme ((no dash)),Minimale Temperatur,Dekompression,Beste Rundenzeit,Anzahl der Runden,Maximale Temperatur,Ø Atemfrequenz,Minimale Atemfrequenz,Maximale Atemfrequenz,Zeit in Bewegung,Verstrichene Zeit,Minimale Höhe,Maximale Höhe
E-Bike-Fahren,2025-12-13 09:04:24,false,"Madiswil E-Bike-Fahren","8.01","164","00:20:53","115","132","0.9","23.0","34.2","122","27","--","--","--","0.0","--","--","--","--","-3","15.0","Nein","00:07:56.1","2","22.0","--","--","--","00:20:52","00:20:57","541","642"
E-Bike-Fahren,2025-12-13 07:00:54,false,"Hasle bei Burgdorf E-Bike-Fahren","25.34","387","00:58:04","113","137","1.5","26.2","47.8","368","421","--","--","--","0.0","--","--","--","--","-8","11.0","Nein","00:00:49.5","6","28.0","--","--","--","00:58:02","00:58:04","531","843"
E-Bike-Fahren,2025-11-11 16:12:29,false,"Muri bei Bern E-Bike-Fahren","13.07","172","00:33:04","98","116","0.4","23.7","47.0","203","70","--","--","--","0.0","--","--","--","--","-5","17.0","Nein","00:08:25.7","3","29.0","--","--","--","00:32:54","00:40:42","553","700"
E-Bike-Fahren,2025-11-11 07:58:31,false,"Hasle bei Burgdorf E-Bike-Fahren","20.03","247","00:51:48","95","117","0.3","23.2","51.0","328","344","--","--","--","0.0","--","--","--","--","-7","12.0","Nein","00:00:05.3","5","28.0","--","--","--","00:51:25","00:58:38","553","778"
Rennradfahren,2025-11-09 13:17:56,false,"Hasle bei Burgdorf Rennradfahren","25.29","761","01:02:49","153","182","3.6","24.2","56.3","354","420","70","100","209","77.5","222","175","662","4169","--","10.0","Nein","00:00:36.0","26","24.0","34","19","44","01:02:44","01:02:49","532","839"
Rennradfahren,2025-10-29 14:31:12,false,"Muri bei Bern Rennradfahren","19.89","584","00:51:38","151","176","3.2","23.1","53.5","248","223","70","98","196","55.8","187","162","730","3452","--","12.0","Nein","00:01:42.1","20","23.0","32","19","38","00:51:31","00:53:25","563","712"
Rennradfahren,2025-10-29 08:04:55,false,"Hasle bei Burgdorf Rennradfahren","22.39","632","00:54:51","135","174","3.1","24.5","51.2","203","236","69","90","194","58.2","204","166","530","3548","--","1.0","Nein","00:00:57.5","23","10.0","28","12","40","00:54:46","00:54:51","564","713"
E-Bike-Fahren,2025-10-28 16:35:04,false,"Muri bei Bern E-Bike-Fahren","21.03","269","00:50:45","99","124","0.5","24.9","48.5","248","204","--","--","--","0.0","--","--","--","--","-4","18.0","Nein","00:02:34.7","5","29.0","--","--","--","00:50:32","00:51:08","560","705"
E-Bike-Fahren,2025-10-28 08:21:53,false,"Hasle bei Burgdorf E-Bike-Fahren","20.25","240","00:50:36","94","117","0.3","24.0","44.6","230","254","--","--","--","0.0","--","--","--","--","-5","15.0","Nein","00:00:43.8","5","28.0","--","--","--","00:50:30","00:51:21","561","718"
Radfahren,2025-10-10 11:40:16,false,"Hasle bei Burgdorf Radfahren","14.88","237","00:59:55","87","103","0.2","14.9","27.2","9","89","--","--","--","0.0","--","--","--","--","-5","20.0","Nein","00:03:07.6","15","27.0","--","--","--","00:59:39","01:00:58","512","596"
E-Bike-Fahren,2025-10-08 14:58:09,false,"Langnau im Emmental E-Bike-Fahren","11.53","176","00:27:32","105","139","0.7","25.1","47.9","115","179","--","--","--","0.0","--","--","--","--","-3","19.0","Nein","00:03:37.7","3","26.0","--","--","--","00:27:29","00:28:52","598","722"
E-Bike-Fahren,2025-10-08 13:11:56,false,"Muri bei Bern E-Bike-Fahren","27.13","370","01:02:47","107","138","1.0","25.9","52.2","333","203","--","--","--","0.0","--","--","--","--","-8","20.0","Nein","00:05:13.5","6","26.0","--","--","--","01:02:36","01:10:34","564","777"
E-Bike-Fahren,2025-10-08 07:59:35,false,"Hasle bei Burgdorf - Basis","20.93","242","00:48:37","96","120","0.5","25.8","44.6","270","264","--","--","--","0.0","--","--","--","--","-7","15.0","Nein","00:01:24.0","21","26.0","--","--","--","00:48:25","00:54:01","563","715"
Rennradfahren,2025-10-06 20:55:00,false,"Hasle bei Burgdorf Rennradfahren","8.40","290","00:22:02","141","181","2.7","22.9","53.8","142","141","68","91","246","36.9","194","193","679","1391","--","9.0","Nein","00:00:56.9","9","21.0","31","19","44","00:21:59","00:22:02","588","716"
Rennradfahren,2025-09-20 09:10:03,false,"Hasle bei Burgdorf Rennradfahren","40.78","1,128","01:35:08","147","174","3.8","25.7","53.9","349","384","68","98","204","111.6","193","171","634","6146","--","16.0","Nein","00:01:35.8","41","23.0","31","19","40","01:34:54","01:37:19","555","723"
Rennradfahren,2025-09-13 16:56:43,false,"Hasle bei Burgdorf Rennradfahren","6.74","228","00:21:41","125","180","2.3","18.7","37.6","130","132","60","87","239","34.3","147","149","658","1001","--","18.0","Nein","00:01:25.3","7","26.0","27","17","41","00:21:39","00:21:41","588","707"
Rennradfahren,2025-09-11 21:12:17,false,"Hasle bei Burgdorf Rennradfahren","6.05","165","00:15:05","119","177","2.3","24.0","40.4","32","30","64","93","268","29.5","--","156","736","823","--","12.0","Nein","00:00:07.2","7","28.0","26","15","44","00:15:00","00:16:26","573","601"
Rennradfahren,2025-09-09 19:21:18,false,"Hasle bei Burgdorf Rennradfahren","3.15","61","00:08:37.2","103","128","0.5","21.9","37.6","4","32","50","72","121","3.4","--","92","425","306","--","17.0","Nein","00:00:35.8","4","21.0","--","--","--","00:08:23","00:10:03","572","601"
Rennradfahren,2025-09-07 17:15:02,false,"Affoltern im Emmental Rennradfahren","11.08","219","00:21:36","145","175","2.6","30.8","65.1","86","286","65","95","213","26.9","142","142","657","1134","--","25.0","Nein","00:00:14.5","12","28.0","33","20","41","00:21:33","00:21:36","588","839"
Rennradfahren,2025-09-07 16:35:06,false,"Lützelflüh Rennradfahren","11.13","469","00:33:23","158","181","3.7","20.0","59.1","290","88","73","95","235","50.0","231","208","600","2371","--","25.0","Nein","00:00:13.1","12","29.0","37","21","46","00:33:20","00:33:23","584","838"
Rennradfahren,2025-09-06 17:09:05,false,"Hasle bei Burgdorf Rennradfahren","14.17","354","00:59:55","101","131","1.1","14.2","33.1","111","123","--","--","--","0.0","--","--","--","--","--","17.0","Nein","00:00:59.7","15","24.0","--","--","--","00:59:33","01:06:36","584","665"
Radfahren,2025-09-06 13:33:51,false,"Diemtigen Radfahren","3.80","56","00:11:47","87","112","0.2","19.4","48.4","3","288","--","--","--","0.0","--","--","--","--","-2","23.0","Nein","00:02:10.8","4","27.0","--","--","--","00:11:25","00:13:26","1,003","1,290"
Rennradfahren,2025-09-03 20:34:09,false,"Hasle bei Burgdorf Rennradfahren","5.22","152","00:13:59","124","177","2.2","22.4","48.7","32","33","60","94","275","28.8","--","155","739","692","--","17.0","Nein","00:00:38.7","6","25.0","26","16","44","00:13:57","00:13:59","583","601"
Radfahren,2025-08-20 17:24:11,false,"Utzenstorf Radfahren","20.08","613","00:58:29","130","158","2.9","20.6","31.9","152","29","--","--","--","0.0","--","--","--","--","-5","19.0","Nein","00:00:20.2","21","22.0","--","--","--","00:58:07","00:59:15","475","600"
Rennradfahren,2025-08-20 07:20:38,false,"Hasle bei Burgdorf Rennradfahren","22.22","597","00:48:04","144","181","3.5","27.7","51.9","191","227","71","92","219","60.3","202","181","561","3189","--","17.0","Nein","00:00:22.8","23","25.0","32","13","48","00:47:55","00:51:42","564","709"
Rennradfahren,2025-08-15 09:11:16,false,"Hasle bei Burgdorf Rennradfahren","8.37","273","00:19:34","147","181","3.1","25.7","55.6","138","135","72","104","252","50.4","--","206","714","1291","--","24.0","Nein","00:00:53.4","9","27.0","33","18","45","00:19:30","00:20:01","590","715"
Rennradfahren,2025-08-13 16:29:57,false,"Muri bei Bern Rennradfahren","22.25","614","00:56:10","143","177","3.7","23.8","50.8","225","191","--","--","--","0.0","--","--","--","--","--","31.0","Nein","00:00:40.0","23","40.0","31","16","39","00:56:00","00:59:01","563","709"
Rennradfahren,2025-08-13 07:13:53,false,"Hasle bei Burgdorf Rennradfahren","22.28","493","00:51:56","132","178","3.1","25.7","53.4","196","228","--","--","--","0.0","--","--","--","--","--","16.0","Nein","00:00:36.4","23","22.0","27","15","44","00:51:50","00:52:19","565","709"
Radfahren,2025-08-08 14:46:48,false,"Hasle bei Burgdorf Radfahren","54.86","1,174","02:05:28","139","174","3.5","26.2","55.7","408","528","--","--","--","0.0","--","--","--","--","-22","32.0","Nein","00:01:28.6","55","37.0","28","13","38","02:05:00","02:29:45","418","588"
Radfahren,2025-08-08 09:26:02,false,"Hasle bei Burgdorf Radfahren","14.79","336","00:34:22","131","173","3.0","25.8","48.7","155","158","--","--","--","0.0","--","--","--","--","-10","26.0","Nein","00:01:36.0","15","29.0","--","--","--","00:34:18","00:36:52","581","686"
Radfahren,2025-08-06 18:15:27,false,"Hasle bei Burgdorf Radfahren","0.74","21","00:01:39.2","150","173","1.1","26.8","32.5","24","--","--","--","--","0.0","--","--","--","--","--","27.0","Nein","00:01:39.2","1","28.0","32","23","40","00:01:39","00:01:39.2","583","608"
Radfahren,2025-08-06 17:58:48,false,"Hasle bei Burgdorf Radfahren","4.86","99","00:12:40","116","175","1.6","23.0","47.5","32","43","--","--","--","0.0","--","--","--","--","-1","26.0","Nein","00:02:06.3","5","29.0","23","13","39","00:12:30","00:13:16","582","606"
Radfahren,2025-08-06 12:18:44,false,"Hasle bei Burgdorf Radfahren","11.81","334","00:26:02","149","181","3.4","27.2","55.9","145","148","--","--","--","0.0","--","--","--","--","-7","26.0","Nein","00:01:34.6","12","29.0","35","23","45","00:25:59","00:26:02","582","712"
Radfahren,2025-08-05 18:32:39,false,"Lyssach Radfahren","15.43","446","00:34:04","153","181","3.9","27.2","34.9","131","39","--","--","--","0.0","--","--","--","--","-9","28.0","Nein","00:00:59.1","16","31.0","31","19","43","00:33:56","00:34:09","506","595"
Radfahren,2025-08-05 17:08:08,false,"Hasle bei Burgdorf Radfahren","15.16","386","00:33:27","142","168","3.2","27.2","37.3","32","123","--","--","--","0.0","--","--","--","--","-7","29.0","Nein","00:00:34.3","16","31.0","28","18","36","00:33:16","00:33:51","504","597"
Radfahren,2025-07-27 15:09:32,false,"Hasle bei Burgdorf Radfahren","4.14","222","00:25:48","123","162","2.4","9.6","26.8","142","146","--","--","--","0.0","--","--","--","--","-6","21.0","Nein","00:00:43.7","5","30.0","--","--","--","00:25:03","00:33:57","591","704"
Rennradfahren,2025-07-24 14:39:50,false,"Hasle bei Burgdorf Rennradfahren","44.72","1,072","02:14:09","130","173","3.3","20.0","48.3","555","515","--","--","--","0.0","--","--","--","--","--","15.0","Nein","00:01:29.7","45","30.0","30","14","46","02:13:49","02:19:19","498","850"
Radfahren,2025-07-18 19:29:38,false,"Lützelflüh Radfahren","5.46","111","00:19:48","102","129","0.5","16.5","30.4","37","17","--","--","--","0.0","--","--","--","--","-3","27.0","Nein","00:02:00.4","6","31.0","--","--","--","00:19:36","00:38:35","572","606"
Radfahren,2025-07-16 15:13:48,false,"Burgdorf Radfahren","9.58","273","00:28:53","127","166","2.2","19.9","32.7","84","22","--","--","--","0.0","--","--","--","--","-5","27.0","Nein","00:01:46.4","10","31.0","--","--","--","00:28:46","00:31:55","531","599"
Radfahren,2025-07-16 08:18:59,false,"Hasle bei Burgdorf Radfahren","9.44","143","00:24:47","104","115","0.6","22.9","31.1","15","62","--","--","--","0.0","--","--","--","--","-3","22.0","Nein","00:01:34.4","10","27.0","--","--","--","00:24:41","00:24:57","531","583"
Radfahren,2025-07-15 13:59:57,false,"Langnau im Emmental Radfahren","12.35","291","00:36:00","121","168","2.4","20.6","48.7","123","196","--","--","--","0.0","--","--","--","--","-7","27.0","Nein","00:00:54.5","13","31.0","--","--","--","00:35:57","00:36:00","594","714"
Radfahren,2025-07-15 12:40:54,false,"Hasle bei Burgdorf Radfahren","13.38","325","00:40:57","119","136","1.9","19.6","34.8","147","54","--","--","--","0.0","--","--","--","--","-7","26.0","Nein","00:01:35.9","14","31.0","--","--","--","00:40:49","00:41:24","582","687"
Radfahren,2025-07-14 18:56:56,false,"Lützelflüh Radfahren","14.84","309","00:59:31","102","139","0.9","15.0","31.0","126","120","--","--","--","0.0","--","--","--","--","-10","27.0","Nein","00:03:00.5","15","32.0","--","--","--","00:59:09","01:03:12","584","665"
Rennradfahren,2025-07-13 19:31:55,false,"Hasle bei Burgdorf Rennradfahren","22.19","634","01:08:45","134","171","3.5","19.4","51.8","394","394","--","--","--","0.0","--","--","--","--","--","20.0","Nein","00:00:34.8","23","28.0","29","13","44","01:08:40","01:08:45","567","858"
Radfahren,2025-07-10 12:24:55,false,"Hasle bei Burgdorf Radfahren","5.58","120","00:17:13","109","149","0.9","19.4","29.5","30","31","--","--","--","0.0","--","--","--","--","-3","27.0","Nein","00:02:05.2","6","29.0","--","--","--","00:17:06","00:27:26","575","597"
Rennradfahren,2025-07-09 16:33:37,false,"Muri bei Bern Rennradfahren","29.99","703","01:36:42","122","155","2.5","18.6","45.5","270","241","--","--","--","0.0","--","--","--","--","--","23.0","Nein","00:01:57.2","30","30.0","27","13","35","01:36:17","02:03:57","552","641"
Rennradfahren,2025-07-09 08:18:44,false,"Hasle bei Burgdorf Rennradfahren","20.14","467","00:59:19","125","164","2.5","20.4","47.6","233","267","--","--","--","0.0","--","--","--","--","--","13.0","Nein","00:00:28.9","21","25.0","26","14","38","00:59:12","00:59:22","564","703"
Rennradfahren,2025-07-08 19:24:31,false,"Hasle bei Burgdorf Rennradfahren","12.51","403","00:31:11","151","177","3.4","24.1","48.7","159","157","--","--","--","0.0","--","--","--","--","--","15.0","Nein","00:01:19.3","13","26.0","36","19","46","00:31:08","00:31:11","585","717"
Rennradfahren,2025-07-04 12:59:36,false,"Hasle bei Burgdorf Rennradfahren","100.03","2,247","04:36:43","129","167","3.8","21.7","53.1","813","807","--","--","--","0.0","--","--","--","--","--","24.0","Nein","00:00:15.0","101","36.0","28","15","40","04:36:02","05:41:37","554","710"
Radfahren,2025-07-02 15:51:03,false,"Oberburg Radfahren","5.71","131","00:19:46","106","132","0.7","17.3","31.2","114","72","--","--","--","0.0","--","--","--","--","-2","29.0","Nein","00:02:32.1","6","35.0","--","--","--","00:19:38","00:19:49","552","600"
Radfahren,2025-07-02 15:17:51,false,"Burgdorf Radfahren","4.58","94","00:15:15","104","115","0.4","18.0","23.8","38","16","--","--","--","0.0","--","--","--","--","-2","33.0","Nein","00:02:13.1","5","36.0","--","--","--","00:15:09","00:15:15","536","560"
Radfahren,2025-07-02 07:51:00,false,"Hasle bei Burgdorf Radfahren","9.49","135","00:26:43","98","126","0.4","21.3","36.6","10","63","--","--","--","0.0","--","--","--","--","-4","23.0","Nein","00:01:38.9","10","30.0","--","--","--","00:26:37","00:28:53","531","592"
Radfahren,2025-07-01 15:13:18,false,"Burgdorf Radfahren","5.37","178","00:17:03","131","145","2.1","18.9","28.2","140","102","--","--","--","0.0","--","--","--","--","-3","33.0","Nein","00:01:17.2","6","35.0","--","--","--","00:16:58","00:17:56","553","597"
Radfahren,2025-07-01 14:19:08,false,"Lützelflüh Radfahren","10.02","278","00:22:00","144","159","3.0","27.3","34.4","19","51","--","--","--","0.0","--","--","--","--","-6","29.0","Nein","00:00:03.2","11","35.0","--","--","--","00:21:56","00:22:14","546","591"
Radfahren,2025-06-30 18:52:57,false,"Hasle bei Burgdorf Radfahren","9.14","233","00:22:48","130","169","2.5","24.0","49.0","90","87","--","--","--","0.0","--","--","--","--","-5","28.0","Nein","00:00:24.5","10","31.0","--","--","--","00:22:45","00:22:48","584","644"
Radfahren,2025-06-29 10:40:44,false,"Hasle bei Burgdorf Radfahren","3.33","62","00:08:35.7","107","121","0.4","23.2","31.5","3","30","--","--","--","0.0","--","--","--","--","-2","29.0","Nein","00:00:52.2","4","30.0","--","--","--","00:08:34","00:08:35.7","570","600"
Radfahren,2025-06-27 16:58:59,false,"Hasle bei Burgdorf Radfahren","6.03","164","00:19:02","117","148","1.6","19.0","41.0","53","50","--","--","--","0.0","--","--","--","--","-2","31.0","Nein","00:00:05.5","7","33.0","--","--","--","00:18:51","00:20:23","573","595"
Radfahren,2025-06-27 12:57:01,false,"Lützelflüh Radfahren","3.66","111","00:11:42","121","160","1.5","18.8","33.0","32","34","--","--","--","0.0","--","--","--","--","-2","29.0","Nein","00:02:31.6","4","32.0","--","--","--","00:11:34","00:12:21","569","598"
Rennradfahren,2025-06-26 22:12:05,false,"Hasle bei Burgdorf Rennradfahren","35.33","651","01:32:33","120","173","2.5","22.9","37.6","205","208","--","--","--","0.0","--","--","--","--","--","17.0","Nein","00:00:53.2","36","28.0","26","16","42","01:32:18","01:34:40","542","664"
Radfahren,2025-06-25 22:11:06,false,"Hasle bei Burgdorf Radfahren","11.15","245","00:33:22","112","175","1.9","20.0","40.2","40","39","--","--","--","0.0","--","--","--","--","-2","26.0","Nein","00:00:22.4","12","31.0","--","--","--","00:33:17","00:33:36","576","602"
Radfahren,2025-06-25 17:58:36,false,"Lützelflüh Radfahren","1.04","31","00:02:56.8","130","165","0.8","21.1","29.2","15","1","--","--","--","0.0","--","--","--","--","--","32.0","Nein","00:00:10.1","2","33.0","--","--","--","00:02:53.7","00:02:56.8","585","600"
Radfahren,2025-06-25 17:15:19,false,"Burgdorf Radfahren","9.64","256","00:31:07","118","135","1.8","18.6","29.1","56","11","--","--","--","0.0","--","--","--","--","-5","32.0","Nein","00:02:00.9","10","34.0","--","--","--","00:30:52","00:31:32","535","586"
Radfahren,2025-06-25 07:57:40,false,"Lützelflüh Radfahren","13.47","199","00:39:44","96","119","0.4","20.3","29.8","27","90","--","--","--","0.0","--","--","--","--","-7","22.0","Nein","00:01:54.6","14","30.0","--","--","--","00:39:35","00:39:57","527","600"
Rennradfahren,2025-06-23 19:40:40,false,"Lauperswil Rennradfahren","7.26","148","00:30:52","95","128","0.4","14.1","25.7","32","55","--","--","--","0.0","--","--","--","--","--","25.0","Nein","00:01:20.2","8","33.0","20","13","27","00:30:45","00:33:17","586","634"
Rennradfahren,2025-06-23 18:03:16,false,"Lauperswil Rennradfahren","15.85","365","00:40:20","123","156","2.1","23.6","35.8","91","92","--","--","--","0.0","--","--","--","--","--","28.0","Nein","00:01:49.9","16","33.0","28","17","37","00:40:06","01:01:43","624","681"
Rennradfahren,2025-06-23 17:13:36,false,"Hasle bei Burgdorf Rennradfahren","7.93","156","00:32:37","95","139","0.5","14.6","27.1","70","50","--","--","--","0.0","--","--","--","--","--","26.0","Nein","00:03:23.1","8","32.0","21","15","28","00:32:23","00:35:21","586","627"
Radfahren,2025-06-19 20:57:52,false,"Burgdorf Radfahren","9.41","329","00:34:32","126","151","2.1","16.3","27.6","72","9","--","--","--","0.0","--","--","--","--","-3","27.0","Nein","00:01:49.4","10","31.0","--","--","--","00:34:29","00:34:32","532","599"
Radfahren,2025-06-19 16:32:26,false,"Ittigen Radfahren","6.41","256","00:21:09","144","173","2.8","18.2","45.3","71","117","--","--","--","0.0","--","--","--","--","-4","32.0","Nein","00:01:56.3","7","34.0","--","--","--","00:20:51","00:22:41","502","566"
Rennradfahren,2025-06-19 12:24:57,false,"Hasle bei Burgdorf Rennradfahren","24.49","547","01:10:59","119","163","2.4","20.7","47.8","187","231","--","--","--","0.0","--","--","--","--","--","28.0","Nein","00:01:14.0","25","41.0","--","--","--","01:10:50","01:11:28","549","696"
Rennradfahren,2025-06-18 17:24:25,false,"Signau Rennradfahren","14.18","280","00:37:47","116","143","1.6","22.5","34.5","41","127","--","--","--","0.0","--","--","--","--","--","27.0","Nein","00:00:44.3","15","31.0","25","19","31","00:37:43","00:37:47","588","693"
Rennradfahren,2025-06-18 07:24:14,false,"Hasle bei Burgdorf Rennradfahren","19.80","444","00:57:46","124","157","2.5","20.6","48.2","202","235","--","--","--","0.0","--","--","--","--","--","15.0","Nein","00:01:28.3","20","22.0","25","11","35","00:57:40","00:57:46","564","697"
Rennradfahren,2025-06-17 20:22:10,false,"Hasle bei Burgdorf Rennradfahren","22.08","507","00:55:14","132","175","3.0","24.0","51.9","139","140","--","--","--","0.0","--","--","--","--","--","19.0","Nein","00:00:14.0","23","26.0","29","17","43","00:55:10","00:55:27","549","643"
Rennradfahren,2025-06-16 14:23:57,false,"Hasle bei Burgdorf Rennradfahren","2.52","75","00:09:44.5","114","149","1.1","15.5","25.5","39","30","--","--","--","0.0","--","--","--","--","--","28.0","Nein","00:01:37.3","3","38.0","24","13","35","00:09:42.2","00:09:44.5","587","617"
Rennradfahren,2025-06-16 12:48:29,false,"Hasle bei Burgdorf Rennradfahren","3.05","66","00:12:46","97","145","0.7","14.3","31.6","34","42","--","--","--","0.0","--","--","--","--","--","21.0","Nein","00:00:07.6","4","31.0","21","13","33","00:12:46","00:13:05","586","620"
Rennradfahren,2025-06-16 08:52:15,false,"Goldzoll","12.68","377","00:32:02","143","178","3.1","23.7","51.3","149","150","--","--","--","0.0","--","--","--","--","--","17.0","Nein","00:01:34.0","13","24.0","35","19","47","00:32:01","00:32:02","586","717"
Radfahren,2025-06-14 11:54:24,false,"Rüderswil Radfahren","6.63","105","00:30:11","81","101","0.1","13.2","24.3","12","45","--","--","--","0.0","--","--","--","--","-3","--","Nein","00:08:55.0","2","--","--","--","--","00:27:41","00:42:49","581","617"
Radfahren,2025-06-13 15:29:22,false,"Hasle bei Burgdorf Radfahren","2.76","63","00:10:30","111","144","0.7","15.7","25.2","31","8","--","--","--","0.0","--","--","--","--","-1","--","Nein","00:04:55","2","--","--","--","--","00:09:36","00:10:48","573","600"
Radfahren,2025-06-13 15:08:08,false,"Lützelflüh Radfahren","2.88","57","00:09:32.6","100","109","0.2","18.1","25.1","2","18","--","--","--","0.0","--","--","--","--","-1","--","Nein","00:09:32.6","1","--","--","--","--","00:09:10","00:09:33.1","574","586"
Rennradfahren,2025-06-13 13:33:06,false,"Hasle bei Burgdorf Rennradfahren","23.36","580","01:06:55","125","162","2.8","20.9","52.0","177","186","--","--","--","0.0","--","--","--","--","--","30.0","Nein","00:01:17.0","24","40.0","--","--","--","01:06:52","01:06:59","544","633"
Radfahren,2025-06-11 22:08:20,false,"Rüegsau Radfahren","2.97","63","00:08:51.4","106","130","0.4","20.2","34.4","35","9","--","--","--","0.0","--","--","--","--","-1","--","Nein","00:08:51.4","1","--","--","--","--","00:08:47","00:08:51.4","567","597"
Radfahren,2025-06-11 18:41:40,false,"Lützelflüh Radfahren","4.54","34","00:13:38","115","162","1.1","20.0","34.2","26","42","--","--","--","0.0","--","--","--","--","-1","--","Nein","00:13:38","1","--","--","--","--","00:13:02","00:19:22","570","599"
Radfahren,2025-06-11 17:30:05,false,"Burgdorf Radfahren","9.43","232","00:28:50","116","133","1.4","19.6","29.2","65","11","--","--","--","0.0","--","--","--","--","-3","--","Nein","00:14:04","2","--","--","--","--","00:28:36","00:28:50","530","588"
Radfahren,2025-06-11 08:01:58,false,"Lützelflüh Radfahren","10.21","171","00:29:12","102","126","0.6","21.0","32.5","21","78","--","--","--","0.0","--","--","--","--","-5","--","Nein","00:02:17.6","3","--","--","--","--","00:27:22","00:29:12","533","598"
Rennradfahren,2025-06-10 20:47:24,false,"Hasle bei Burgdorf Rennradfahren","17.08","421","00:43:40","130","166","2.8","23.5","49.8","119","119","--","--","--","0.0","--","--","--","--","--","17.0","Nein","00:00:15.7","18","24.0","--","--","--","00:43:36","00:43:40","584","643"
Rennradfahren,2025-06-06 08:14:09,false,"Hasle bei Burgdorf Rennradfahren","50.19","1,191","02:00:03","135","163","3.4","25.1","38.3","257","258","--","--","--","0.0","--","--","--","--","--","18.0","Nein","00:00:26.8","51","25.0","29","16","40","01:59:40","02:22:01","543","680"
Radfahren,2025-06-05 19:13:53,false,"Hasle bei Burgdorf Radfahren","2.28","45","00:05:53.3","108","117","0.3","23.2","33.2","3","16","--","--","--","0.0","--","--","--","--","-1","--","Nein","00:05:53.3","1","--","--","--","--","00:05:36","00:05:53.3","569","585"
Radfahren,2025-06-04 08:43:57,false,"Worb Radfahren","5.35","124","00:14:26","119","162","1.7","22.2","35.2","50","58","--","--","--","0.0","--","--","--","--","--","--","Nein","00:01:15.0","2","--","--","--","--","00:14:09","00:14:26","566","619"
Rennradfahren,2025-06-02 10:12:41,false,"Hasle bei Burgdorf Rennradfahren","16.01","508","00:47:48","137","167","3.5","20.1","59.1","304","301","--","--","--","0.0","--","--","--","--","--","19.0","Nein","00:00:05.3","17","25.0","30","12","41","00:47:42","00:48:24","600","905"
Rennradfahren,2025-06-01 19:45:15,false,"Hasle bei Burgdorf Rennradfahren","10.92","316","00:35:06","115","145","1.9","18.7","33.9","111","107","--","--","--","0.0","--","--","--","--","--","20.0","Nein","00:01:56.3","11","26.0","--","--","--","00:35:01","00:35:06","574","645"
Rennradfahren,2025-05-29 14:08:53,false,"Parents","25.25","685","01:07:27","136","174","3.6","22.5","53.0","355","419","--","--","--","0.0","--","--","--","--","--","23.0","Nein","00:00:44.6","26","30.0","31","19","44","01:07:18","01:07:52","535","839"
Rennradfahren,2025-05-26 18:11:42,false,"Rüderswil Rennradfahren","6.79","167","00:18:21","118","153","1.4","22.2","29.4","24","47","--","--","--","0.0","--","--","--","--","--","16.0","Nein","00:02:13.9","7","19.0","25","19","33","00:18:17","00:18:29","589","625"
Rennradfahren,2025-05-26 17:21:36,false,"Hasle bei Burgdorf Rennradfahren","7.74","198","00:33:35","106","119","0.7","13.8","25.3","53","28","--","--","--","0.0","--","--","--","--","--","16.0","Nein","00:03:36.7","8","19.0","19","13","27","00:33:28","00:33:45","586","630"
Rennradfahren,2025-05-26 16:09:26,false,"Zäziwil Rennradfahren","21.87","509","00:52:09","130","156","2.8","25.2","36.3","83","163","--","--","--","0.0","--","--","--","--","--","16.0","Nein","00:01:49.5","22","25.0","28","20","35","00:52:05","00:52:09","587","713"
Rennradfahren,2025-05-26 08:00:19,false,"Bike2Work","22.39","626","00:57:54","135","166","3.3","23.2","47.7","202","237","--","--","--","0.0","--","--","--","--","--","14.0","Nein","00:00:45.4","23","20.0","30","17","41","00:57:46","00:58:10","563","711"
Rennradfahren,2025-05-23 19:40:48,false,"Affoltern im Emmental Rennradfahren","11.04","274","00:25:13","133","168","2.5","26.3","53.9","99","301","--","--","--","0.0","--","--","--","--","--","10.0","Nein","00:00:08.7","12","14.0","31","20","41","00:25:08","00:25:30","585","841"
Rennradfahren,2025-05-23 18:55:19,false,"Hasle bei Burgdorf Rennradfahren","11.18","586","00:39:27","158","176","4.4","17.0","51.5","305","100","--","--","--","0.0","--","--","--","--","--","11.0","Nein","00:00:16.0","13","17.0","36","19","43","00:39:23","00:39:27","584","841"
Rennradfahren,2025-05-17 17:19:48,false,"Hasle bei Burgdorf Gravel/Offroad-Radfahren","30.88","1,001","01:32:12","135","167","4.1","20.1","51.8","500","500","--","--","--","0.0","--","--","--","--","--","15.0","Nein","00:01:23.2","31","23.0","31","15","43","01:32:00","01:39:45","543","851"
Rennradfahren,2025-05-16 16:15:35,false,"Hasle bei Burgdorf Gravel/Offroad-Radfahren","12.50","432","00:34:56","138","177","3.2","21.5","49.0","155","155","--","--","--","0.0","--","--","--","--","--","16.0","Nein","00:01:24.1","13","30.0","--","--","--","00:34:52","00:35:01","585","717"
Rennradfahren,2025-05-14 16:58:44,false,"Muri bei Bern Rennradfahren","25.89","808","01:20:24","132","165","3.4","19.3","43.6","315","286","--","--","--","0.0","--","--","--","--","--","22.0","Nein","00:01:49.7","26","31.0","29","17","38","01:20:13","01:21:39","555","711"
Rennradfahren,2025-05-14 08:07:49,false,"Hasle bei Burgdorf Rennradfahren","22.30","700","01:01:18","134","170","3.4","21.8","44.8","202","237","--","--","--","0.0","--","--","--","--","--","10.0","Nein","00:00:39.7","23","21.0","28","14","42","01:01:09","01:02:48","562","705"
Rennradfahren,2025-05-13 16:34:44,false,"Goldzoll","12.71","544","00:34:56","152","181","3.9","21.8","51.7","153","153","--","--","--","0.0","--","--","--","--","--","17.0","Nein","00:01:46.0","13","25.0","35","21","44","00:34:49","00:35:20","586","718"
Rennradfahren,2025-05-08 16:55:20,false,"Langnau im Emmental Rennradfahren","12.87","408","00:28:23","142","177","3.2","27.2","38.3","35","104","--","--","--","0.0","--","--","--","--","--","13.0","Nein","00:01:46.5","13","20.0","31","19","44","00:28:20","00:28:23","586","672"
Rennradfahren,2025-05-08 15:10:14,false,"Hasle bei Burgdorf Rennradfahren","13.37","557","00:39:36","141","158","3.6","20.3","35.9","127","39","--","--","--","0.0","--","--","--","--","--","14.0","Nein","00:01:39.6","14","24.0","29","20","36","00:39:33","00:39:36","586","686"
Rennradfahren,2025-05-01 15:47:30,false,"Oberburg Rennradfahren","6.79","237","00:22:37","--","--","0.1","18.0","27.9","62","14","--","--","--","0.0","--","--","--","--","--","27.0","Nein","00:02:33.0","7","33.0","--","--","--","00:22:29","00:22:49","550","600"
Rennradfahren,2025-05-01 15:13:59,false,"Burgdorf Rennradfahren","4.53","154","00:14:51","--","--","0.1","18.3","26.4","35","11","--","--","--","0.0","--","--","--","--","--","30.0","Nein","00:02:00.9","5","32.0","--","--","--","00:14:43","00:14:51","527","553"
Rennradfahren,2025-05-01 14:23:15,false,"Hasle bei Burgdorf Rennradfahren","10.64","345","00:30:24","--","--","0.1","21.0","34.7","17","85","--","--","--","0.0","--","--","--","--","--","26.0","Nein","00:02:18.9","11","31.0","--","--","--","00:30:06","00:30:24","531","601"
Rennradfahren,2025-04-30 17:18:25,false,"Muri bei Bern Rennradfahren","22.02","924","01:12:27","--","--","0.1","18.2","48.6","271","234","--","--","--","0.0","--","--","--","--","--","23.0","Nein","00:00:04.8","23","29.0","--","--","--","01:12:20","01:13:47","563","710"
Rennradfahren,2025-04-30 08:10:11,false,"Bike 2 Work","20.18","925","01:05:20","--","--","0.1","18.5","51.9","309","342","--","--","--","0.0","--","--","--","--","--","10.0","Nein","00:00:34.5","21","26.0","--","--","--","01:05:07","01:05:48","564","777"
Rennradfahren,2025-04-08 12:36:12,false,"Hasle bei Burgdorf Rennradfahren","42.26","1,497","02:00:09","--","--","0.1","21.1","34.2","213","222","--","--","--","0.0","--","--","--","--","--","16.0","Nein","00:00:05.6","9","27.0","--","--","--","02:00:01","02:00:28","585","737"
Rennradfahren,2025-04-03 18:33:34,false,"Auswil Rennradfahren","15.71","831","01:05:49","--","--","0.1","14.3","51.8","359","372","--","--","--","0.0","--","--","--","--","--","11.0","Nein","00:30:13","2","24.0","--","--","--","01:05:39","01:12:31","549","693"
Rennradfahren,2025-03-22 14:46:57,false,"Lützelflüh Rennradfahren","7.29","438","00:30:41","--","--","0.1","14.3","36.0","138","34","--","--","--","0.0","--","--","--","--","--","18.0","Nein","00:30:41","1","26.0","--","--","--","00:30:34","00:42:25","570","785"
Rennradfahren,2025-03-20 18:34:08,false,"Goldzoll","12.74","556","00:40:42","147","183","3.5","18.8","50.0","151","152","--","--","--","0.0","--","--","--","--","--","9.0","Nein","00:00:01.3","3","24.0","29","21","38","00:40:41","00:40:42","584","716"
Rennradfahren,2025-03-11 18:08:00,false,"Goldzoll","12.79","523","00:39:55","143","181","3.5","19.2","45.6","151","150","--","--","--","0.0","--","--","--","--","--","9.0","Nein","00:00:05.4","3","24.0","31","19","43","00:39:50","00:40:15","584","717"
Rennradfahren,2025-01-01 13:18:13,false,"Hasle bei Burgdorf Rennradfahren","10.22","377","00:33:44","127","172","2.8","18.2","36.1","130","128","--","--","--","0.0","--","--","--","--","--","1.0","Nein","00:07:10.4","2","22.0","26","16","33","00:33:41","00:34:13","574","652"
Rennradfahren,2024-10-20 14:35:17,false,"Hasle bei Burgdorf Rennradfahren","9.58","394","00:35:17","126","175","2.8","16.3","35.0","177","182","--","--","--","0.0","--","--","--","--","--","16.0","Nein","00:05:18.7","2","23.0","28","20","36","00:35:13","00:37:04","589","660"
Rennradfahren,2024-10-07 18:04:28,false,"Lauperswil Rennradfahren","15.76","561","00:42:53","142","177","3.3","22.1","43.2","114","111","--","--","--","0.0","--","--","--","--","--","14.0","Nein","00:18:25","2","25.0","29","18","42","00:42:46","00:48:11","622","677"
Rennradfahren,2024-09-08 12:07:33,false,"Affoltern im Emmental Rennradfahren","12.31","454","00:27:29","--","--","0.1","26.9","49.3","31","240","--","--","--","0.0","--","--","--","--","--","18.0","Nein","00:13:02","2","21.0","--","--","--","00:27:25","00:28:38","579","809"
Rennradfahren,2024-09-08 11:22:12,false,"Schaukäserei","11.16","629","00:44:17","--","--","0.1","15.1","49.8","305","94","--","--","--","0.0","--","--","--","--","--","18.0","Nein","00:09:13.9","2","27.0","--","--","--","00:44:14","00:44:17","586","841"
Rennradfahren,2024-09-06 14:50:05,false,"Rüegsau Rennradfahren","2.97","101","00:11:03","--","--","0.1","16.1","26.5","33","12","--","--","--","0.0","--","--","--","--","--","26.0","Nein","00:11:03","1","28.0","--","--","--","00:11:01","00:11:10","576","602"
Rennradfahren,2024-09-06 14:33:19,false,"Hasle bei Burgdorf Rennradfahren","3.30","114","00:09:02.3","--","--","0.1","21.9","38.2","5","34","--","--","--","0.0","--","--","--","--","--","20.0","Nein","00:09:02.3","1","27.0","--","--","--","00:09:02","00:09:02.3","573","602"
